url,comment
https://www.carenity.com/donner-mon-avis/medicaments/a-313-1,"Avec √ßa, plus de carence."
https://www.carenity.com/donner-mon-avis/medicaments/a-313-1,A ce jour Mars 2025 toujours en rupture pour une dur√©e ind√©termin√©e
https://www.carenity.com/donner-mon-avis/medicaments/abasaglar-2,"Abasaglar provoque chez moi des douleurs persistantes sur tout le corps, cela fait un an que je le prends et j'aimerais savoir si d'autres personnes ressentent cet effet secondaire √©puisant"
https://www.carenity.com/donner-mon-avis/medicaments/abasaglar-2,remplac√© par Lantus car injection douloureuse avec Abasaglar
https://www.carenity.com/donner-mon-avis/medicaments/abasaglar-2,"Je suis diab√©tique depuis l‚Äô√¢ge de 5 mois (1982), la Basaglar m‚Äôa √©t√© mise en hospitalisation l‚Äôann√©e derni√®re , beaucoup d‚Äôhypoglyc√©mie et coma diab√©tique nocturne, pas satisfaite du tout . Je me r√©veille en hypo oblig√© de me re sucr√©e et ensuite ma glyc√©mie monte en hyper voir m√™me sans hypo alors que j‚Äôai une activit√© physique.
J‚Äôai une injection par 2;h et oblig√© de me faire de la rapide alors que je devrai sans avoir manger avoir un bon r√©sultat"
https://www.carenity.com/donner-mon-avis/medicaments/abasaglar-2,Moi 1 insuline le soir 24 unit√© et mon diab√®te ET bon
https://www.carenity.com/donner-mon-avis/medicaments/abasaglar-2,Me conviens a litt√©ralement changer mon diab√®te Hg de 5.7 le 6 janvier 2022
https://www.carenity.com/donner-mon-avis/medicaments/abasaglar-2,"pour moi ,c'est pas mal"
https://www.carenity.com/donner-mon-avis/medicaments/abasaglar-2,tr√®s bien
https://www.carenity.com/donner-mon-avis/medicaments/abasaglar-2,Tr√®s efficace
https://www.carenity.com/donner-mon-avis/medicaments/abasaglar-2,Pour moi c‚Äôest l‚Äôinsuline qui me convient 1 piqure par jour et diab√®te √©quilibr√©
https://www.carenity.com/donner-mon-avis/medicaments/abasaglar-2,tr√®s bien
https://www.carenity.com/donner-mon-avis/medicaments/abilify-4,"Addiction imm√©diate
Sevrage impossible
Un conseil
Ne jamais commencer"
https://www.carenity.com/donner-mon-avis/medicaments/abilify-4,"Bonjour,
Je prends de l'abilify et je souhaiterais savoir, chez ceux qui le prennent et chez qui √ßa ouvre l'app√©tit, si vous aviez faim tout le temps et/ou tous les jours de la m√™me fa√ßon ?
Chez moi il y a des jours o√π j'ai tr√®s faim et d'autres o√π je ne pense pas √† la nourriture. Je me demande donc si ma faim provient du m√©dicament ou de moi.
Merci pour vos r√©ponses"
https://www.carenity.com/donner-mon-avis/medicaments/abilify-4,"Bonjour ici !Voila suite √† une d√©pression avec id√©e noires , que j‚Äôai eu depuis janvier 2015 j‚Äô√©tais sous paroxetine 20 mg et abilify 10 mg , en juillet 2020 je suis pass√© √† 5 mg , cependant des fois y‚Äôa des jours je ne prend pas abilify et je suis mieux concentrer en formation et tout‚Ä¶.D‚Äô¬¥ailleurs je donnerai tout pour l‚Äôarr√™ter‚Ä¶. Apr√®s je me dis faut quand m√™me que je le reprenne mais depuis Avril 2024 je suis pass√© de 5mg √† 2,5 mg mais j‚Äôaimerais sinc√®rement l‚Äôarr√™ter compl√®tement, j‚Äôai remarqu√© que je tremblais trop en le prenant, je stresse pour rien , je suis √† l‚Äôouest j‚Äôai du mal √† me concentrer etc‚Ä¶. A votre avis c‚Äôest possible arr√™tez ce m√©dicament un jour ? 
merci d‚Äôavance !"
https://www.carenity.com/donner-mon-avis/medicaments/abilify-4,"Abilify 300 mg tous les 28 jours.
Effets secondaires: troubles de la sensibilit√©, grosse perte de force musculaire, n'arrive plus a reflechir et a se concentrer correctement, plus aucun √©lan vital ( coupe de toutes envies et motivation ), sensation de vide.
Finalit√© grosse d√©pression sous ce traitement retard, j'ai tout essay√© comme traitement ant√©rieurement, plus rien ne marche si ce n'est que des effets secondaires handicapants qui en ressortent.
Merci pour votre attention, courage a vous, n'h√©sitez pas a venir en discuter avec moi si vous le souhaitez. Cdl"
https://www.carenity.com/donner-mon-avis/medicaments/abilify-4,"C'est un m√©dicament qui ne m'a absolument rien apport√© de bon. Il ne favorise pas le sommeil mais l'endormissement ce qui est compl√®tement diff√©rent, je le prenais √† la place de la qu√©tiapine et certains malades dont moi m√™me se sont retrouv√© sans traitement. Pour ce qui est de l'abilify aucun changement notable sur mes troubles bipolaire."
https://www.carenity.com/donner-mon-avis/medicaments/abilify-4,tout les medicament le soir en 1 prise egal meilleur qualite de vie
https://www.carenity.com/donner-mon-avis/medicaments/abilify-4,Mon fils de 19ans prend abilify 400 mg tout les 28 jours en injection je ls trouve long beaucoup des tic et des toc il mange plus que avant pris du poid et beaucoup lontalgie .jai remarquer tout ca sur mon fils et ca fais quelque mois qil a arretet de prendre antidepresseur le citalopram .
https://www.carenity.com/donner-mon-avis/medicaments/abilify-4,"Bonjour quand je prenais ce m√©dicament j'avais tout le temps envie de manger r√©sultat je suis une petite baleine et encore ma psychiatre me dit que c'est pas le pire, j'en ai eu un autre mais je ne sais plus le nom( d'ailleurs je perds la m√©moire est ce dut au m√©dicament ou a ma maladie a part √ßa quand je prenais abilify en 25 mg j'avais la jambe qui se bloquait."
https://www.carenity.com/donner-mon-avis/medicaments/abilify-4,"Bonsoir,
Je prends de l'abilify 5 mg depuis deux semaines, en diminuant le t√©ralithe qui me faisait trembler. Je me sens beaucoup mieux, je suis en phase haute. Par contre, j'ai l'impression qu'il m'ouvre l'app√©tit... A voir sur le long terme."
https://www.carenity.com/donner-mon-avis/medicaments/abilify-4,"J‚Äô√©tais devenu parano√Øaque, et gr√¢ce Abilfy10 mg je vais beaucoup mieux, je ne suis plus agoraphobes. Pour l‚Äôinstant ni parano√Øaque. je n‚Äôai pas d‚Äôeffet ind√©sirable √† part une fatigue donc je le prends le soir ce qui me permet d‚Äô√©viter cauchemar d‚Äôavoir une nuit calme. Je prends aussi de l‚ÄôEffexor, 75 mg LP , du Praz√©pam 10 mg du Parkinane LP, 2 mg ( et oui je suis bourr√© de tic et de toc) du zopiclone. Pour dormir 7,5 mg ,depacote , 500 mg et le plus chronodorm comprim√© flash pour l‚Äôendormissement, c‚Äôest de la m√©latonine, hormone naturelle du sommeil dos√© √† 1,9 mg sans d√©pendance et sans accoutumance pour dormir une heure avant l‚Äôid√©al je pensais faire une d√©pression nerveuse et en fait ce n‚Äô√©tait que de la bipolarit√©. Cela fait 10 ans que je me fais soigner, et quand un m√©dicament n‚Äôest plus efficace. (je pense que l‚Äôon peut avoir des soucis de accomodite Mon psychiatre me le change on essaye le bon dosage ce n‚Äôest pas tous les jours facile mais je pense que √ßa vaut le coup. √áa n‚Äô√©vite pas les up ou Down, mais l√† j‚Äôai je suis fi√®re de moi je remonter la pente toute seule en donnant le bon coup de talon et voil√† j‚Äôesp√®re que mon exp√©rience pour en faire profiter d‚Äôautres ne pas avoir peur de cette maladie et faites vous aider par votre entourage, parlez-en avec des proche anti, vous avez toute confiance. Ceci est un conseil d‚Äôamie. Et oui, j‚Äôai √©t√© suivi pendant 20 ans pour des d√©pression saisonni√®re car la bipolarit√© seul un psychiatre peut poser un diagnostic. dans la bipolarit√©, il faut aussi traiter les moments d√©pressifs. Donc l‚Äôabilify ne suffit pas, je pense. Il faut aussi un stabilisateur d‚Äôhumeur comme le depacote le Tegretol. Etc. etc. bonne soir√©e √† tous courage les amis"
https://www.carenity.com/donner-mon-avis/medicaments/abilify-4,Prendre l‚Äôabilify le soir
https://www.carenity.com/donner-mon-avis/medicaments/abilify-4,"Je prends 30mg d'Abilify, des ann√©es √† 15mg, puis augmentation, il y a deux ans. Quid de savoir si c'est la maladie ou le traitement qui fatigue...Prise de poids, pourquoi le taire, mais c'est le prix √† payer pour aller mieux.La question que je me pose c'est: quelle marge de man≈ìuvre il me reste si je rebascule compte tenu du dosage au taquet?"
https://www.carenity.com/donner-mon-avis/medicaments/abilify-4,Moi √ßa fais 4 mois que je prenais abilify 300 j'ai plus des psychose mais j'ai une d√©pression grave je pleure pour rien j arete pas de bouger je ne sais pas quoi faire je vais demander √† mon psy un autre m√©dicament
https://www.carenity.com/donner-mon-avis/medicaments/abilify-4,"Je prends de l'abilify depuis septembre 2022, et j'en suis tr√®s satisfaite. Je me sens tr√®s stable, √©quilibr√©e, plus que sous d'autres traitements o√π je rechutais syst√©matiquement tous les ans voire plus, aucun arr√™t de travail donc petite victoire pour ces 1 an et demi sans rechute ;)
Les d√©buts ont √©t√© tr√®s difficiles mais dus aux faits que j'ai switch√© de la qui√©tapine (qui n'agissait plus) vers l'abilify + rechute mixte √† ce moment l√†.
Avec du recul, je dirais que les effets n√©gatifs vraiment dus √† l'abilify √©taient : impatiences dans les jambes, perte du contr√¥le des impulsions (achats ++), ceux positifs : regain net d'√©nergie, disparition progressive des sympt√¥mes mixtes (irritabilit√©), et surtout sensation de revivre car plus du tout ""cass√©e"" comme sous qui√©tapine, et ceux dus au sevrage de la qui√©tapine : insomnies, mal √™tre, angoisses.
J'ai depuis une nette am√©lioration sous Abilify, j'appr√©cie les effets qu'il a sur moi : regain d'√©nergie, plus du tout fatigu√©e avec des nuits normales de 8h √† 9h (au d√©but avec l'aide d'un somnif√®re, habitu√©e √† la qui√©tapine qui me s√©datait √©norm√©ment), aucune prise de poids (au contraire, j'ai perdu quelques kilos), surtout, grand retour de mon intuition (j'√©tais trop cass√©e avec la qui√©tapine), aucun sympt√¥mes mixtes. En revanche, effet secondaire de l'acn√©, je ne l'ai vu nulle part mais j'ai 39 ans donc pas √† l'√¢ge de faire de l'acn√© hormonale, et quelques probl√®mes li√©s √† l'impulsivit√© (voir ci-dessous).
J'ai pu arr√™ter l'antid√©presseur que je prenais depuis 10 ans (et maintenant, avec du recul, je dirais de faire attention aux effets de d√©shinibition de l'antid√©presseur coupl√© au probl√®me d'impulsivit√© de l'abilify qui m'ont caus√© quelques soucis (que je dois traiter aujourd'hui avec un psychologue car angoisses et culpabilit√© en cons√©quences actuelles).
En r√©sum√© : tr√®s bon m√©dicament pass√© les premi√®res semaines difficiles mais plus dues au sevrage de la qui√©tapine et √† la crise mixte qu'a l'abilify √† proprement parler, stable au point que j'en oublierai presque de le prendre. Attention √† l'impulsivit√© et aux probl√®mes de peaux, sinon pas de soucis !"
https://www.carenity.com/donner-mon-avis/medicaments/abilify-4,"Je prends ce m√©dicament depuis janvier 2024. Il a consid√©rablement am√©lior√© ma qualit√© de vie en r√©duisant fortement l'immense sentiment de vide que je ressentais depuis au moins 5 ans. De plus, je n'ai aucun effet secondaire. Il a m√™me boost√© ma libido !"
https://www.carenity.com/donner-mon-avis/medicaments/abilify-4,"J'ai commenc√© √† le prendre le soir √† la place du matin et j'ai pass√© une nuit horrible, r√©veil intempestif toutes les 2/3h, difficult√© √† trouver le sommeil, sommeil agit√© quand il arrive enfin, un rien me r√©veille. Et au moment du lev√©, grosse sensation de vertiges, fatigue, t√™te lourde, trouble de la vision. Alors apr√®s 5h √©veill√©e, certains effets se sont l√©g√®rement dissip√©s et ne sont moins handicapants. Le c√¥t√© t√™te lourde s'est calm√©, les vertiges/lenteur aussi. Mais j'ai promen√© mon chien √† 2 √† l'heure ce matin, le pauvre... ÔªøüòÇ

Lorsque je le prenais le matin, je passais la journ√©e dans un brouillard monstre avec une sorte de filtre √©motionnel, j'√©tais vide, pas super agr√©able... Et agit√©e +++ aussi

Globalement le plus g√™nant c'est la perte d'acuit√© visuelle, les agitations/insomnies. Mais je ressens un r√©el apaisement de ma pathologie, mes crises psychotiques sont moins violentes et mes humeurs plus stables. (Je suis cyclothymique, donc les phases d√©pressives et d'hypomanie, j'en ai plusieurs par jour, un r√©gal. Mais je ne fais pas de manie, seulement de l'hypo et parfois j'ai des phases mixtes.)"
https://www.carenity.com/donner-mon-avis/medicaments/abilify-4,"M√©dicament efficace mais qui fatigue j'ai l'impression et insomnies qui je me pose la question ‚ùìÔ∏è viendrai des effets secondaires de ce m√©dicament. Y a til des patients qui ont le m√™me souci avec ce traitement ? Merci d'avance pour vos r√©ponses.
Cris123"
https://www.carenity.com/donner-mon-avis/medicaments/abilify-4,"Bonjour √† tous , mon psychiatre dit que je suis bipolaire , je n‚Äôai pas l‚Äôimpression de l‚Äô√™tre mais il m‚Äôa prescrit de l‚Äôabilify.
je vois tout les effet secondaire et avis et √ßa me fait un peu peur du coup je ne le prend pas , je prend du temesta 3 fois par jours et √ßa calme mes angoisse .
si vous pouvez me donner votre retour sur abilify je veux bien ."
https://www.carenity.com/donner-mon-avis/medicaments/abilify-4,"Ne commencez jamais ce medoc, impossible de se sevrer."
https://www.carenity.com/donner-mon-avis/medicaments/abilify-4,"Une vraie saloperie.
A ne jamais prendre. M a rendu grabataire. Heureusement que neurologue et m√©decins ont r√©ussi √† convaincre les psychiatres de l arr√™ter. Depuis j ai r√©cup√©r√© mes capacit√©s.
Je suis soign√© pour bipolarit√© .
Petit fr√®re"
https://www.carenity.com/donner-mon-avis/medicaments/abilify-4,"L'abilify est un traitement lourd qui coupe la libido, rend zombie, constipe, provoque des insomnies et fatigue √©norm√©ment. Sous le traitement on a envie de rien faire m√™me se faire √† manger c'est fatiguant sous oublier la prise de poid bref une cochonnerie de m√©dicament."
https://www.carenity.com/donner-mon-avis/medicaments/abilify-4,"Bonjour,
pour ma part tout s'est bien pass√© au d√©but du traitement, je l'ai bien support√©. Ensuite cela s'est compliqu√© notamment en augmentant la dose, avec des crises suicidaires impulsives. J'ai vu que c'√©tait dans les effets secondaires. J'ai baiss√© le traitement √† 5 mg, je compte l'arr√™ter."
https://www.carenity.com/donner-mon-avis/medicaments/abilify-4,"je ne suis pas sure qu'il marche, j'ai fait quand m√™me des d√©pressions sous traitement"
https://www.carenity.com/donner-mon-avis/medicaments/abilify-4,Je ne sais pas si ma prise de poids a un rapport avec ce m√©dicament...
https://www.carenity.com/donner-mon-avis/medicaments/abilify-4,"Avec mon psychiatre, je l'ai arr√™t√©"
https://www.carenity.com/donner-mon-avis/medicaments/acadione-8,"ACADIONE m'a √©t√© prescrit d√®s qu'il a √©t√© commercialis√©, √† la fin de l ann√©e 1987, par l urologue qui me suivait alors. Avant sa mise sur le march√© il √©tait connu sous le nom de TIOPRONINE. Il √©tait surtout administr√© aux patients souffrant de rhumatismes.
J'ai pris ce traitement pendant 30 ans. Il me convenait tout √† fait. Durant ces 30 ann√©es il n y a eu aucune suspicion de r√©cidive. Je n'ai pas eu de colique nephretique. Je n'ai subi aucune intervention chirurgicale.
Il n a plus √©t√© commercialis√© en 2017.
En 2018 une √©chographie r√©nale faisait √©tat de cristaux de cystine et de lysine dans mes 2 reins.
Je donne donc la note de 10 sur 10 √† ACADIONE."
https://www.carenity.com/donner-mon-avis/medicaments/acarbose-10,"Aussi efficace qu'Ozempic, mais combin√© √† du Stagid et 4mg de Glim√©piride, avec moins d'effets secondaire ....."
https://www.carenity.com/donner-mon-avis/medicaments/acarbose-10,Tr√®s efficace
https://www.carenity.com/donner-mon-avis/medicaments/acarbose-10,"A √©t√© supprim√© par mon diab√©tologue, efficacit√© nulle, effets ind√©sirables maxi, bullshit !"
https://www.carenity.com/donner-mon-avis/medicaments/acebutolol-13,√áa le convient parfaitement.
https://www.carenity.com/donner-mon-avis/medicaments/aceclofenac-14,pour le moment cela fais effet sur mon dos.je peine moin le matin au r√©veil. J arrive √† bouger plus que d habitudes.Par contre ne fais effet que 8h sur moi.
